File,Human_keywords,claude3.5_keywords,gemini2.0_keywords,gpt4o_keywords
DEL3783_GWG_TransformingLivesBrochure.txt,"• programa (0.392)
• habilidades (0.314)
• mujeres (0.314)
• dell (0.235)
• recursos (0.196)","• programa (0.401)
• habilidades (0.281)
• aprendizaje (0.241)
• dell (0.241)
• construir (0.201)","• programa (0.403)
• habilidades (0.323)
• estudiantes (0.242)
• dell (0.242)
• mujeres (0.202)","• programa (0.410)
• estudiantes (0.410)
• habilidades (0.298)
• dell (0.224)
• aprendizaje (0.186)"
DEL3682_RecruitmentFlyer_02.txt,"• computación (0.315)
• habilidades (0.315)
• oportunidades (0.236)
• club (0.236)
• mujeres (0.236)","• estudiantes (0.306)
• computación (0.306)
• habilidades (0.306)
• clubes (0.229)
• crear (0.229)","• habilidades (0.327)
• estudiantes (0.327)
• clubes (0.245)
• oportunidades (0.245)
• utilizando (0.163)","• estudiantes (0.356)
• computación (0.285)
• habilidades (0.285)
• américa (0.214)
• ciencias (0.214)"
Girls Who Game Sister Clubs.txt,"• clubes (0.685)
• hermanas (0.440)
• club (0.196)
• estudiantes (0.196)
• perspectivas (0.147)","• clubes (0.690)
• hermanos (0.372)
• club (0.212)
• programa (0.212)
• estudiantes (0.159)","• clubes (0.691)
• hermanos (0.395)
• programa (0.197)
• estudiantes (0.197)
• club (0.197)","• clubes (0.690)
• hermanos (0.394)
• club (0.197)
• estudiantes (0.197)
• programa (0.197)"
GWG Mentor Program FA23.txt,"• orientación (0.333)
• mentoría (0.333)
• mentoras (0.266)
• programa (0.266)
• júnior (0.266)","• liderazgo (0.541)
• mentoría (0.361)
• programa (0.240)
• actividad (0.180)
• junior (0.180)","• liderazgo (0.495)
• mentoría (0.309)
• junior (0.248)
• mentor (0.248)
• programa (0.248)","• liderazgo (0.427)
• mentor (0.305)
• mentoría (0.305)
• programa (0.244)
• junior (0.244)"
